symbol,date,close,volume,source_date
AADI,2025-09-05,7250.0,13726000.0,2025-09-04
AALI,2025-09-05,7350.0,890700.0,2025-09-04
ABBA,2025-09-05,42.0,1293800.0,2025-09-04
ABDA,2025-09-05,3400.0,100.0,2025-09-01
ABMM,2025-09-05,2960.0,481700.0,2025-09-04
ACES,2025-09-05,440.0,50209300.0,2025-09-04
ACRO,2025-09-05,85.0,49378000.0,2025-09-04
ACST,2025-09-05,144.0,28347000.0,2025-09-04
ADCP,2025-09-05,62.0,254052300.0,2025-09-04
ADES,2025-09-05,13725.0,4500.0,2025-09-04
ADHI,2025-09-05,290.0,45994600.0,2025-09-04
ADMF,2025-09-05,8975.0,25000.0,2025-09-04
ADMG,2025-09-05,148.0,1234800.0,2025-09-04
ADMR,2025-09-05,1025.0,60574500.0,2025-09-04
ADRO,2025-09-05,1760.0,167436900.0,2025-09-04
AEGS,2025-09-05,45.0,210332900.0,2025-09-04
AGAR,2025-09-05,250.0,49300.0,2025-09-04
AGII,2025-09-05,830.0,483700.0,2025-09-04
AGRO,2025-09-05,232.0,7431000.0,2025-09-04
AGRS,2025-09-05,77.0,21784800.0,2025-09-04
AHAP,2025-09-05,77.0,9793900.0,2025-09-04
AIMS,2025-09-05,320.0,41700.0,2025-09-04
AISA,2025-09-05,123.0,23626100.0,2025-09-04
AKKU,2025-09-05,,,2025-09-05
AKPI,2025-09-05,555.0,28600.0,2025-09-04
AKRA,2025-09-05,1230.0,18458100.0,2025-09-04
AKSI,2025-09-05,246.0,252600.0,2025-09-04
ALDO,2025-09-05,500.0,38300.0,2025-09-04
ALII,2025-09-05,535.0,2313300.0,2025-09-04
ALKA,2025-09-05,316.0,10400.0,2025-09-04
ALMI,2025-09-05,,,2025-09-05
ALTO,2025-09-05,,,2025-09-05
AMAG,2025-09-05,370.0,71100.0,2025-09-04
AMAN,2025-09-05,123.0,2303700.0,2025-09-04
AMAR,2025-09-05,210.0,949300.0,2025-09-04
AMFG,2025-09-05,3330.0,7500.0,2025-09-04
AMIN,2025-09-05,218.0,586600.0,2025-09-04
AMMN,2025-09-05,8075.0,25561300.0,2025-09-04
AMMS,2025-09-05,196.0,8758200.0,2025-09-04
AMOR,2025-09-05,478.0,82100.0,2025-09-04
AMRT,2025-09-05,2080.0,25225600.0,2025-09-04
ANDI,2025-09-05,31.0,14828700.0,2025-09-04
ANJT,2025-09-05,1795.0,912500.0,2025-09-04
ANTM,2025-09-05,3390.0,142473100.0,2025-09-04
APEX,2025-09-05,125.0,23282800.0,2025-09-04
APIC,2025-09-05,1140.0,4247200.0,2025-09-04
APII,2025-09-05,176.0,61100.0,2025-09-04
APLI,2025-09-05,480.0,9700.0,2025-09-04
APLN,2025-09-05,103.0,15391400.0,2025-09-04
ARCI,2025-09-05,850.0,107894200.0,2025-09-04
AREA,2025-09-05,515.0,1231700.0,2025-09-04
ARGO,2025-09-05,1350.0,38200.0,2025-09-04
ARII,2025-09-05,258.0,66600.0,2025-09-04
ARKA,2025-09-05,39.0,12919200.0,2025-09-04
ARKO,2025-09-05,1355.0,549900.0,2025-09-04
ARMY,2025-09-05,,,2025-09-05
ARNA,2025-09-05,570.0,623100.0,2025-09-04
ARTA,2025-09-05,3340.0,3400.0,2025-09-04
ARTI,2025-09-05,,,2025-09-05
ARTO,2025-09-05,2170.0,4567700.0,2025-09-04
ASBI,2025-09-05,444.0,7400.0,2025-09-04
ASDM,2025-09-05,540.0,16200.0,2025-09-04
ASGR,2025-09-05,1185.0,702800.0,2025-09-04
ASHA,2025-09-05,42.0,5826400.0,2025-09-04
ASII,2025-09-05,5500.0,26987400.0,2025-09-04
ASJT,2025-09-05,110.0,61800.0,2025-09-04
ASLC,2025-09-05,101.0,305299700.0,2025-09-04
ASLI,2025-09-05,,,2025-09-05
ASMI,2025-09-05,29.0,2271800.0,2025-09-04
ASPI,2025-09-05,422.0,2930100.0,2025-09-04
ASPR,2025-09-05,,,2025-09-05
ASRI,2025-09-05,173.0,21341600.0,2025-09-04
ASRM,2025-09-05,276.0,49700.0,2025-09-04
ASSA,2025-09-05,840.0,4194700.0,2025-09-04
ATAP,2025-09-05,57.0,1451200.0,2025-09-04
ATIC,2025-09-05,458.0,402000.0,2025-09-04
ATLA,2025-09-05,64.0,140559800.0,2025-09-04
AUTO,2025-09-05,2370.0,2495100.0,2025-09-04
AVIA,2025-09-05,424.0,3252700.0,2025-09-04
AWAN,2025-09-05,256.0,19328800.0,2025-09-04
AXIO,2025-09-05,127.0,1452600.0,2025-09-04
AYAM,2025-09-05,171.0,103779100.0,2025-09-04
AYLS,2025-09-05,105.0,1597500.0,2025-09-04
BABP,2025-09-05,61.0,135364800.0,2025-09-04
BABY,2025-09-05,304.0,8763800.0,2025-09-04
BACA,2025-09-05,136.0,2224400.0,2025-09-04
BAIK,2025-09-05,105.0,1526100.0,2025-09-04
BAJA,2025-09-05,122.0,896900.0,2025-09-04
BALI,2025-09-05,1430.0,98200.0,2025-09-04
BANK,2025-09-05,810.0,7139300.0,2025-09-04
BAPA,2025-09-05,73.0,223720600.0,2025-09-04
BAPI,2025-09-05,23.0,18652500.0,2025-09-04
BATA,2025-09-05,51.0,7800.0,2025-09-04
BATR,2025-09-05,104.0,208572100.0,2025-09-04
BAUT,2025-09-05,38.0,5229600.0,2025-09-04
BAYU,2025-09-05,1320.0,96000.0,2025-09-04
BBCA,2025-09-05,8000.0,103534800.0,2025-09-04
BBHI,2025-09-05,1570.0,2818900.0,2025-09-04
BBKP,2025-09-05,78.0,170768200.0,2025-09-04
BBLD,2025-09-05,905.0,128900.0,2025-09-04
BBMD,2025-09-05,2130.0,7200.0,2025-09-04
BBNI,2025-09-05,4370.0,17346200.0,2025-09-04
BBRI,2025-09-05,4000.0,87402700.0,2025-09-04
BBRM,2025-09-05,87.0,11622600.0,2025-09-04
BBSI,2025-09-05,4000.0,11900.0,2025-09-04
BBSS,2025-09-05,262.0,77500.0,2025-09-04
BBTN,2025-09-05,1280.0,11069400.0,2025-09-04
BBYB,2025-09-05,320.0,29809200.0,2025-09-04
BCAP,2025-09-05,75.0,436111400.0,2025-09-04
BCIC,2025-09-05,,,2025-09-05
BCIP,2025-09-05,94.0,5090600.0,2025-09-04
BDKR,2025-09-05,157.0,14925000.0,2025-09-04
BDMN,2025-09-05,2540.0,374500.0,2025-09-04
BEBS,2025-09-05,,,2025-09-05
BEEF,2025-09-05,322.0,31387600.0,2025-09-04
BEER,2025-09-05,107.0,1701300.0,2025-09-04
BEKS,2025-09-05,26.0,136431600.0,2025-09-04
BELI,2025-09-05,368.0,253800.0,2025-09-04
BELL,2025-09-05,71.0,338739300.0,2025-09-04
BESS,2025-09-05,1040.0,106700.0,2025-09-04
BEST,2025-09-05,118.0,14288700.0,2025-09-04
BFIN,2025-09-05,760.0,8292100.0,2025-09-04
BGTG,2025-09-05,110.0,29960300.0,2025-09-04
BHAT,2025-09-05,895.0,1386000.0,2025-09-04
BHIT,2025-09-05,37.0,18598300.0,2025-09-04
BIKA,2025-09-05,,,2025-09-05
BIKE,2025-09-05,1000.0,8657200.0,2025-09-04
BIMA,2025-09-05,76.0,162100.0,2025-09-04
BINA,2025-09-05,4410.0,6800.0,2025-09-04
BINO,2025-09-05,120.0,571000.0,2025-09-04
BIPI,2025-09-05,81.0,55088600.0,2025-09-04
BIPP,2025-09-05,49.0,47000.0,2025-09-04
BIRD,2025-09-05,1790.0,876000.0,2025-09-04
BISI,2025-09-05,890.0,64800.0,2025-09-04
BJBR,2025-09-05,775.0,7256900.0,2025-09-04
BJTM,2025-09-05,515.0,3281700.0,2025-09-04
BKDP,2025-09-05,42.0,2371400.0,2025-09-04
BKSL,2025-09-05,133.0,216460900.0,2025-09-04
BKSW,2025-09-05,68.0,7968500.0,2025-09-04
BLES,2025-09-05,158.0,4371600.0,2025-09-04
BLOG,2025-09-05,,,2025-09-05
BLTA,2025-09-05,41.0,28808100.0,2025-09-04
BLTZ,2025-09-05,1800.0,200.0,2025-09-01
BLUE,2025-09-05,318.0,62200.0,2025-09-04
BMAS,2025-09-05,735.0,94400.0,2025-09-04
BMBL,2025-09-05,44.0,8695100.0,2025-09-04
BMHS,2025-09-05,185.0,4099600.0,2025-09-04
BMRI,2025-09-05,4680.0,88735300.0,2025-09-04
BMSR,2025-09-05,252.0,23100.0,2025-09-04
BMTR,2025-09-05,148.0,75709000.0,2025-09-04
BNBA,2025-09-05,775.0,301500.0,2025-09-04
BNBR,2025-09-05,31.0,237339700.0,2025-09-04
BNGA,2025-09-05,1710.0,1409100.0,2025-09-04
BNII,2025-09-05,210.0,996600.0,2025-09-04
BNLI,2025-09-05,3160.0,198700.0,2025-09-04
BOAT,2025-09-05,121.0,6824900.0,2025-09-04
BOBA,2025-09-05,183.0,275600.0,2025-09-04
BOGA,2025-09-05,570.0,480600.0,2025-09-04
BOLA,2025-09-05,199.0,2381100.0,2025-09-04
BOLT,2025-09-05,1060.0,10800.0,2025-09-04
BOSS,2025-09-05,,,2025-09-05
BPFI,2025-09-05,338.0,159800.0,2025-09-04
BPII,2025-09-05,570.0,116000.0,2025-09-04
BPTR,2025-09-05,96.0,210100.0,2025-09-04
BRAM,2025-09-05,5125.0,800.0,2025-09-04
BREN,2025-09-05,8625.0,15343800.0,2025-09-04
BRIS,2025-09-05,2720.0,9615500.0,2025-09-04
BRMS,2025-09-05,494.0,724826900.0,2025-09-04
BRNA,2025-09-05,725.0,20300.0,2025-09-04
BRPT,2025-09-05,2200.0,49983300.0,2025-09-04
BRRC,2025-09-05,,,2025-09-05
BSBK,2025-09-05,77.0,205267600.0,2025-09-04
BSDE,2025-09-05,1120.0,22857900.0,2025-09-04
BSIM,2025-09-05,885.0,30100.0,2025-09-04
BSML,2025-09-05,105.0,23906100.0,2025-09-04
BSSR,2025-09-05,3970.0,323400.0,2025-09-04
BSWD,2025-09-05,1410.0,200.0,2025-09-04
BTEK,2025-09-05,16.0,57018900.0,2025-09-04
BTEL,2025-09-05,,,2025-09-05
BTON,2025-09-05,378.0,17600.0,2025-09-04
BTPN,2025-09-05,2120.0,5200.0,2025-09-04
BTPS,2025-09-05,1460.0,8204800.0,2025-09-04
BUAH,2025-09-05,1435.0,144700.0,2025-09-04
BUDI,2025-09-05,220.0,19200.0,2025-09-04
BUKA,2025-09-05,175.0,203558200.0,2025-09-04
BUKK,2025-09-05,880.0,13900.0,2025-09-04
BULL,2025-09-05,153.0,86314400.0,2025-09-04
BUMI,2025-09-05,112.0,4498155400.0,2025-09-04
BUVA,2025-09-05,356.0,152265700.0,2025-09-04
BVIC,2025-09-05,111.0,12184200.0,2025-09-04
BWPT,2025-09-05,,,2025-09-05
BYAN,2025-09-05,18150.0,10000.0,2025-09-04
CAKK,2025-09-05,142.0,983400.0,2025-09-04
CAMP,2025-09-05,212.0,1102000.0,2025-09-04
CANI,2025-09-05,43.0,534600.0,2025-09-04
CARE,2025-09-05,300.0,20143900.0,2025-09-04
CARS,2025-09-05,135.0,191437200.0,2025-09-04
CASA,2025-09-05,1130.0,4259800.0,2025-09-04
CASH,2025-09-05,91.0,5656800.0,2025-09-04
CASS,2025-09-05,2580.0,116600.0,2025-09-04
CBDK,2025-09-05,,,2025-09-05
CBMF,2025-09-05,,,2025-09-05
CBPE,2025-09-05,192.0,158600.0,2025-09-04
CBRE,2025-09-05,362.0,18547100.0,2025-09-04
CBUT,2025-09-05,1510.0,78000.0,2025-09-04
CCSI,2025-09-05,380.0,945100.0,2025-09-04
CDIA,2025-09-05,,,2025-09-05
CEKA,2025-09-05,2660.0,6800.0,2025-09-04
CENT,2025-09-05,120.0,15587700.0,2025-09-04
CFIN,2025-09-05,316.0,800300.0,2025-09-04
CGAS,2025-09-05,153.0,90352700.0,2025-09-04
CHEK,2025-09-05,,,2025-09-05
CHEM,2025-09-05,99.0,17777800.0,2025-09-04
CHIP,2025-09-05,1380.0,74800.0,2025-09-04
CINT,2025-09-05,159.0,121100.0,2025-09-04
CITA,2025-09-05,4120.0,126900.0,2025-09-04
CITY,2025-09-05,105.0,9060700.0,2025-09-04
CLAY,2025-09-05,1505.0,135100.0,2025-09-04
CLEO,2025-09-05,555.0,11382200.0,2025-09-04
CLPI,2025-09-05,1245.0,105000.0,2025-09-04
CMNP,2025-09-05,1350.0,54600.0,2025-09-04
CMNT,2025-09-05,815.0,26676300.0,2025-09-04
CMPP,2025-09-05,93.0,37100.0,2025-09-04
CMRY,2025-09-05,4980.0,374900.0,2025-09-04
CNKO,2025-09-05,108.0,134081400.0,2025-09-04
CNMA,2025-09-05,132.0,26964400.0,2025-09-04
CNTX,2025-09-05,,,2025-09-05
COAL,2025-09-05,59.0,53801300.0,2025-09-04
COCO,2025-09-05,615.0,10590500.0,2025-09-04
COIN,2025-09-05,,,2025-09-05
COWL,2025-09-05,,,2025-09-05
CPIN,2025-09-05,4520.0,8489900.0,2025-09-04
CPRI,2025-09-05,,,2025-09-05
CPRO,2025-09-05,58.0,389544700.0,2025-09-04
CRAB,2025-09-05,238.0,875100.0,2025-09-04
CRSN,2025-09-05,113.0,1191900.0,2025-09-04
CSAP,2025-09-05,292.0,155800.0,2025-09-04
CSIS,2025-09-05,119.0,2561600.0,2025-09-04
CSMI,2025-09-05,398.0,499900.0,2025-09-04
CSRA,2025-09-05,860.0,2141500.0,2025-09-04
CTBN,2025-09-05,5125.0,100.0,2025-09-03
CTRA,2025-09-05,990.0,32893400.0,2025-09-04
CTTH,2025-09-05,42.0,22300.0,2025-09-04
CUAN,2025-09-05,1530.0,56909500.0,2025-09-04
CYBR,2025-09-05,965.0,17960700.0,2025-09-04
DAAZ,2025-09-05,3140.0,85700.0,2025-09-04
DADA,2025-09-05,42.0,9294200.0,2025-09-04
DART,2025-09-05,164.0,45700.0,2025-09-04
DATA,2025-09-05,,,2025-09-05
DAYA,2025-09-05,1020.0,10000.0,2025-09-04
DCII,2025-09-05,325025.0,2300.0,2025-09-04
DEAL,2025-09-05,,,2025-09-05
DEFI,2025-09-05,398.0,80500.0,2025-09-04
DEPO,2025-09-05,200.0,1096000.0,2025-09-04
DEWA,2025-09-05,222.0,242474500.0,2025-09-04
DEWI,2025-09-05,110.0,45173700.0,2025-09-04
DFAM,2025-09-05,81.0,14485900.0,2025-09-04
DGIK,2025-09-05,95.0,6473600.0,2025-09-04
DGNS,2025-09-05,148.0,335600.0,2025-09-04
DGWG,2025-09-05,,,2025-09-05
DIGI,2025-09-05,31.0,3109700.0,2025-09-04
DILD,2025-09-05,138.0,7271600.0,2025-09-04
DIVA,2025-09-05,126.0,9524600.0,2025-09-04
DKFT,2025-09-05,710.0,87091200.0,2025-09-04
DKHH,2025-09-05,,,2025-09-05
DLTA,2025-09-05,1965.0,198900.0,2025-09-04
DMAS,2025-09-05,137.0,36933300.0,2025-09-04
DMMX,2025-09-05,360.0,10615500.0,2025-09-04
DMND,2025-09-05,570.0,41900.0,2025-09-04
DNAR,2025-09-05,120.0,2867300.0,2025-09-04
DNET,2025-09-05,9300.0,10500.0,2025-09-04
DOID,2025-09-05,360.0,41848300.0,2025-09-04
DOOH,2025-09-05,143.0,255117600.0,2025-09-04
DOSS,2025-09-05,140.0,1516800.0,2025-09-04
DPNS,2025-09-05,260.0,58200.0,2025-09-04
DPUM,2025-09-05,68.0,98809600.0,2025-09-04
DRMA,2025-09-05,985.0,1276000.0,2025-09-04
DSFI,2025-09-05,84.0,37719100.0,2025-09-04
DSNG,2025-09-05,1625.0,43266200.0,2025-09-04
DSSA,2025-09-05,106200.0,3785900.0,2025-09-04
DUCK,2025-09-05,,,2025-09-05
DUTI,2025-09-05,4250.0,59500.0,2025-09-04
DVLA,2025-09-05,1600.0,104100.0,2025-09-04
DWGL,2025-09-05,230.0,89700.0,2025-09-04
DYAN,2025-09-05,90.0,3542100.0,2025-09-04
EAST,2025-09-05,95.0,7009200.0,2025-09-04
ECII,2025-09-05,186.0,481400.0,2025-09-04
EDGE,2025-09-05,4250.0,15400.0,2025-09-04
EKAD,2025-09-05,187.0,124600.0,2025-09-04
ELIT,2025-09-05,188.0,11952300.0,2025-09-04
ELPI,2025-09-05,378.0,1558000.0,2025-09-04
ELSA,2025-09-05,498.0,10905400.0,2025-09-04
ELTY,2025-09-05,17.0,105106000.0,2025-09-04
EMDE,2025-09-05,97.0,4144100.0,2025-09-04
EMTK,2025-09-05,1305.0,101163600.0,2025-09-04
ENAK,2025-09-05,700.0,840700.0,2025-09-04
ENRG,2025-09-05,600.0,206748900.0,2025-09-04
ENVY,2025-09-05,,,2025-09-05
ENZO,2025-09-05,40.0,223100.0,2025-09-04
EPAC,2025-09-05,36.0,11136500.0,2025-09-04
EPMT,2025-09-05,2290.0,101700.0,2025-09-04
ERAA,2025-09-05,444.0,38250500.0,2025-09-04
ERAL,2025-09-05,324.0,8115800.0,2025-09-04
ERTX,2025-09-05,125.0,13163200.0,2025-09-04
ESIP,2025-09-05,50.0,648100.0,2025-09-04
ESSA,2025-09-05,605.0,106629600.0,2025-09-04
ESTA,2025-09-05,69.0,6548400.0,2025-09-04
ESTI,2025-09-05,54.0,602100.0,2025-09-04
ETWA,2025-09-05,,,2025-09-05
EURO,2025-09-05,256.0,44400.0,2025-09-04
EXCL,2025-09-05,2740.0,9286000.0,2025-09-04
FAPA,2025-09-05,5925.0,13500.0,2025-09-04
FAST,2025-09-05,336.0,1919500.0,2025-09-04
FASW,2025-09-05,,,2025-09-05
FILM,2025-09-05,3800.0,34699200.0,2025-09-04
FIMP,2025-09-05,,,2025-09-05
FIRE,2025-09-05,79.0,21448600.0,2025-09-04
FISH,2025-09-05,,,2025-09-05
FITT,2025-09-05,368.0,8252500.0,2025-09-04
FLMC,2025-09-05,195.0,2984800.0,2025-09-01
FMII,2025-09-05,356.0,38300.0,2025-09-04
FOLK,2025-09-05,76.0,2469800.0,2025-09-04
FOOD,2025-09-05,118.0,65500.0,2025-09-04
FORE,2025-09-05,,,2025-09-05
FORU,2025-09-05,1170.0,319200.0,2025-09-04
FPNI,2025-09-05,192.0,670200.0,2025-09-04
FUJI,2025-09-05,402.0,116348600.0,2025-09-04
FUTR,2025-09-05,260.0,361371700.0,2025-09-04
FWCT,2025-09-05,160.0,1195100.0,2025-09-04
GAMA,2025-09-05,,,2025-09-05
GDST,2025-09-05,109.0,243300.0,2025-09-04
GDYR,2025-09-05,1185.0,2300.0,2025-09-04
GEMA,2025-09-05,121.0,29706600.0,2025-09-04
GEMS,2025-09-05,9200.0,182500.0,2025-09-04
GGRM,2025-09-05,8800.0,1047100.0,2025-09-04
GGRP,2025-09-05,236.0,1978300.0,2025-09-04
GHON,2025-09-05,1685.0,9500.0,2025-09-04
GIAA,2025-09-05,69.0,20452100.0,2025-09-04
GJTL,2025-09-05,1030.0,3918400.0,2025-09-04
GLOB,2025-09-05,57.0,142600.0,2025-09-04
GLVA,2025-09-05,326.0,21600.0,2025-09-04
GMFI,2025-09-05,62.0,525700.0,2025-09-04
GMTD,2025-09-05,2260.0,200.0,2025-09-04
GOLD,2025-09-05,258.0,11300.0,2025-09-04
GOLF,2025-09-05,210.0,7261000.0,2025-09-04
GOLL,2025-09-05,,,2025-09-05
GOOD,2025-09-05,372.0,244700.0,2025-09-04
GOTO,2025-09-05,59.0,1621019900.0,2025-09-04
GPRA,2025-09-05,129.0,139806000.0,2025-09-04
GPSO,2025-09-05,270.0,7895100.0,2025-09-04
GRIA,2025-09-05,125.0,107677800.0,2025-09-04
GRPH,2025-09-05,72.0,50024700.0,2025-09-04
GRPM,2025-09-05,54.0,5223600.0,2025-09-04
GSMF,2025-09-05,113.0,10757900.0,2025-09-04
GTBO,2025-09-05,197.0,151700.0,2025-09-04
GTRA,2025-09-05,139.0,852100.0,2025-09-04
GTSI,2025-09-05,92.0,66359100.0,2025-09-04
GULA,2025-09-05,326.0,1324700.0,2025-09-04
GUNA,2025-09-05,242.0,201500.0,2025-09-04
GWSA,2025-09-05,155.0,429900.0,2025-09-04
GZCO,2025-09-05,218.0,162718300.0,2025-09-04
HADE,2025-09-05,33.0,3019500.0,2025-09-04
HAIS,2025-09-05,192.0,3772600.0,2025-09-04
HAJJ,2025-09-05,122.0,3817000.0,2025-09-04
HALO,2025-09-05,85.0,4683600.0,2025-09-04
HATM,2025-09-05,250.0,23753900.0,2025-09-04
HBAT,2025-09-05,,,2025-09-05
HDFA,2025-09-05,125.0,103100.0,2025-09-04
HDIT,2025-09-05,60.0,13771200.0,2025-09-04
HEAL,2025-09-05,1635.0,8330300.0,2025-09-04
HELI,2025-09-05,250.0,531700.0,2025-09-04
HERO,2025-09-05,396.0,5200.0,2025-09-04
HEXA,2025-09-05,5525.0,308300.0,2025-09-04
HGII,2025-09-05,,,2025-09-05
HILL,2025-09-05,208.0,113964500.0,2025-09-04
HITS,2025-09-05,,,2025-09-05
HKMU,2025-09-05,,,2025-09-05
HMSP,2025-09-05,535.0,5734400.0,2025-09-04
HOKI,2025-09-05,79.0,30774000.0,2025-09-04
HOME,2025-09-05,,,2025-09-05
HOMI,2025-09-05,212.0,1183900.0,2025-09-04
HOPE,2025-09-05,162.0,4195400.0,2025-09-04
HOTL,2025-09-05,,,2025-09-05
HRME,2025-09-05,39.0,745400.0,2025-09-04
HRTA,2025-09-05,835.0,146426200.0,2025-09-04
HRUM,2025-09-05,1035.0,91352200.0,2025-09-04
HUMI,2025-09-05,161.0,190831600.0,2025-09-04
HYGN,2025-09-05,160.0,1169300.0,2025-09-04
IATA,2025-09-05,59.0,13471200.0,2025-09-04
IBFN,2025-09-05,30.0,1359100.0,2025-09-04
IBOS,2025-09-05,44.0,131679300.0,2025-09-04
IBST,2025-09-05,5975.0,3000.0,2025-09-04
ICBP,2025-09-05,9250.0,2740200.0,2025-09-04
ICON,2025-09-05,50.0,1662300.0,2025-09-04
IDEA,2025-09-05,84.0,5354400.0,2025-09-04
IDPR,2025-09-05,240.0,382000.0,2025-09-04
IFII,2025-09-05,252.0,2297300.0,2025-09-04
IFSH,2025-09-05,780.0,88400.0,2025-09-04
IGAR,2025-09-05,525.0,28300.0,2025-09-04
IIKP,2025-09-05,,,2025-09-05
IKAI,2025-09-05,22.0,10038000.0,2025-09-04
IKAN,2025-09-05,142.0,353140800.0,2025-09-04
IKBI,2025-09-05,498.0,1080900.0,2025-09-04
IKPM,2025-09-05,224.0,885300.0,2025-09-04
IMAS,2025-09-05,1130.0,737100.0,2025-09-04
IMJS,2025-09-05,238.0,8872500.0,2025-09-04
IMPC,2025-09-05,1430.0,83634700.0,2025-09-04
INAF,2025-09-05,,,2025-09-05
INAI,2025-09-05,157.0,75500.0,2025-09-04
INCF,2025-09-05,42.0,3141300.0,2025-09-04
INCI,2025-09-05,610.0,137300.0,2025-09-04
INCO,2025-09-05,3910.0,12034500.0,2025-09-04
INDF,2025-09-05,7525.0,4236900.0,2025-09-04
INDO,2025-09-05,218.0,6706500.0,2025-09-04
INDR,2025-09-05,2550.0,74500.0,2025-09-04
INDS,2025-09-05,222.0,140800.0,2025-09-04
INDX,2025-09-05,86.0,4971500.0,2025-09-04
INDY,2025-09-05,1570.0,170877100.0,2025-09-04
INET,2025-09-05,220.0,177434800.0,2025-09-04
INKP,2025-09-05,7900.0,2938300.0,2025-09-04
INOV,2025-09-05,99.0,606700.0,2025-09-04
INPC,2025-09-05,169.0,18605000.0,2025-09-04
INPP,2025-09-05,800.0,44800.0,2025-09-04
INPS,2025-09-05,112.0,110400.0,2025-09-04
INRU,2025-09-05,835.0,1482600.0,2025-09-04
INTA,2025-09-05,23.0,14843000.0,2025-09-04
INTD,2025-09-05,194.0,239600.0,2025-09-04
INTP,2025-09-05,6900.0,1080900.0,2025-09-04
IOTF,2025-09-05,102.0,368142000.0,2025-09-04
IPAC,2025-09-05,150.0,42400.0,2025-09-04
IPCC,2025-09-05,1110.0,2345800.0,2025-09-04
IPCM,2025-09-05,294.0,2063400.0,2025-09-04
IPOL,2025-09-05,139.0,25100.0,2025-09-04
IPPE,2025-09-05,,,2025-09-05
IPTV,2025-09-05,42.0,11248500.0,2025-09-04
IRRA,2025-09-05,426.0,540000.0,2025-09-04
IRSX,2025-09-05,,,2025-09-05
ISAP,2025-09-05,36.0,4677900.0,2025-09-04
ISAT,2025-09-05,1965.0,7376500.0,2025-09-04
ISEA,2025-09-05,92.0,311116700.0,2025-09-04
ISSP,2025-09-05,414.0,2048200.0,2025-09-04
ITIC,2025-09-05,224.0,743400.0,2025-09-04
ITMA,2025-09-05,1090.0,2114700.0,2025-09-04
ITMG,2025-09-05,22350.0,1016800.0,2025-09-04
JARR,2025-09-05,,,2025-09-05
JAST,2025-09-05,103.0,4680100.0,2025-09-04
JATI,2025-09-05,139.0,2881500.0,2025-09-04
JAWA,2025-09-05,148.0,2241600.0,2025-09-04
JAYA,2025-09-05,96.0,426700.0,2025-09-04
JECC,2025-09-05,1150.0,188100.0,2025-09-04
JGLE,2025-09-05,16.0,80002500.0,2025-09-04
JIHD,2025-09-05,690.0,1277600.0,2025-09-04
JKON,2025-09-05,93.0,32980200.0,2025-09-04
JMAS,2025-09-05,148.0,184100.0,2025-09-04
JPFA,2025-09-05,1760.0,109803400.0,2025-09-04
JRPT,2025-09-05,805.0,253300.0,2025-09-04
JSKY,2025-09-05,,,2025-09-05
JSMR,2025-09-05,3430.0,3139200.0,2025-09-04
JSPT,2025-09-05,3990.0,7900.0,2025-09-04
JTPE,2025-09-05,326.0,4912900.0,2025-09-04
KAEF,2025-09-05,505.0,444700.0,2025-09-04
KAQI,2025-09-05,,,2025-09-05
KARW,2025-09-05,640.0,216300.0,2025-09-04
KAYU,2025-09-05,,,2025-09-05
KBAG,2025-09-05,42.0,6070900.0,2025-09-04
KBLI,2025-09-05,378.0,47100.0,2025-09-04
KBLM,2025-09-05,388.0,264200.0,2025-09-04
KBLV,2025-09-05,220.0,87975600.0,2025-09-04
KBRI,2025-09-05,,,2025-09-05
KDSI,2025-09-05,474.0,7700.0,2025-09-04
KDTN,2025-09-05,118.0,68300.0,2025-09-04
KEEN,2025-09-05,835.0,2797100.0,2025-09-04
KEJU,2025-09-05,600.0,966300.0,2025-09-04
KETR,2025-09-05,660.0,46213100.0,2025-09-04
KIAS,2025-09-05,,,2025-09-05
KICI,2025-09-05,140.0,1415400.0,2025-09-04
KIJA,2025-09-05,202.0,268913200.0,2025-09-04
KING,2025-09-05,204.0,3460700.0,2025-09-04
KINO,2025-09-05,1260.0,130800.0,2025-09-04
KIOS,2025-09-05,84.0,202814600.0,2025-09-04
KJEN,2025-09-05,131.0,851900.0,2025-09-04
KKES,2025-09-05,39.0,2286800.0,2025-09-04
KKGI,2025-09-05,332.0,3123800.0,2025-09-04
KLAS,2025-09-05,134.0,2307400.0,2025-09-04
KLBF,2025-09-05,1180.0,93346300.0,2025-09-04
KLIN,2025-09-05,190.0,231000.0,2025-09-04
KMDS,2025-09-05,635.0,352600.0,2025-09-04
KMTR,2025-09-05,308.0,1204900.0,2025-09-04
KOBX,2025-09-05,141.0,385700.0,2025-09-04
KOCI,2025-09-05,65.0,41006700.0,2025-09-04
KOIN,2025-09-05,72.0,3300.0,2025-09-04
KOKA,2025-09-05,96.0,6422200.0,2025-09-04
KONI,2025-09-05,1925.0,63100.0,2025-09-04
KOPI,2025-09-05,340.0,61500.0,2025-09-04
KOTA,2025-09-05,30.0,20911800.0,2025-09-04
KPIG,2025-09-05,200.0,330779300.0,2025-09-04
KRAS,2025-09-05,304.0,14728800.0,2025-09-04
KREN,2025-09-05,17.0,170899400.0,2025-09-04
KRYA,2025-09-05,206.0,8112100.0,2025-09-04
KSIX,2025-09-05,,,2025-09-05
KUAS,2025-09-05,73.0,13124800.0,2025-09-04
LABA,2025-09-05,,,2025-09-05
LABS,2025-09-05,142.0,512600.0,2025-09-04
LAJU,2025-09-05,69.0,1490765200.0,2025-09-04
LAND,2025-09-05,40.0,10353300.0,2025-09-04
LAPD,2025-09-05,118.0,7401600.0,2025-09-01
LCGP,2025-09-05,,,2025-09-05
LCKM,2025-09-05,214.0,14700.0,2025-09-04
LEAD,2025-09-05,75.0,18963000.0,2025-09-04
LFLO,2025-09-05,242.0,2100.0,2025-09-04
LIFE,2025-09-05,,,2025-09-05
LINK,2025-09-05,3140.0,103900.0,2025-09-04
LION,2025-09-05,352.0,31700.0,2025-09-04
LIVE,2025-09-05,166.0,4547600.0,2025-09-04
LMAS,2025-09-05,,,2025-09-05
LMAX,2025-09-05,81.0,11780500.0,2025-09-04
LMPI,2025-09-05,141.0,318600.0,2025-09-04
LMSH,2025-09-05,,,2025-09-05
LOPI,2025-09-05,58.0,3316500.0,2025-09-04
LPCK,2025-09-05,625.0,1709500.0,2025-09-04
LPGI,2025-09-05,444.0,99700.0,2025-09-04
LPIN,2025-09-05,418.0,135300.0,2025-09-04
LPKR,2025-09-05,101.0,77494000.0,2025-09-04
LPLI,2025-09-05,316.0,854700.0,2025-09-04
LPPF,2025-09-05,1610.0,918900.0,2025-09-04
LPPS,2025-09-05,85.0,15398300.0,2025-09-04
LRNA,2025-09-05,174.0,9500.0,2025-09-04
LSIP,2025-09-05,1340.0,4769200.0,2025-09-04
LTLS,2025-09-05,850.0,60100.0,2025-09-04
LUCK,2025-09-05,83.0,2221000.0,2025-09-04
LUCY,2025-09-05,95.0,5180600.0,2025-09-04
MABA,2025-09-05,,,2025-09-05
MAGP,2025-09-05,,,2025-09-05
MAHA,2025-09-05,136.0,2237300.0,2025-09-04
MAIN,2025-09-05,680.0,5555100.0,2025-09-04
MANG,2025-09-05,51.0,47663700.0,2025-09-04
MAPA,2025-09-05,620.0,16187600.0,2025-09-04
MAPB,2025-09-05,1750.0,10300.0,2025-09-04
MAPI,2025-09-05,1170.0,6944300.0,2025-09-04
MARI,2025-09-05,34.0,2292500.0,2025-09-04
MARK,2025-09-05,635.0,3930400.0,2025-09-04
MASA,2025-09-05,,,2025-09-05
MASB,2025-09-05,3340.0,800.0,2025-09-04
MAXI,2025-09-05,58.0,112307500.0,2025-09-04
MAYA,2025-09-05,228.0,6750000.0,2025-09-04
MBAP,2025-09-05,1620.0,66800.0,2025-09-04
MBMA,2025-09-05,428.0,249277900.0,2025-09-04
MBSS,2025-09-05,1555.0,3247900.0,2025-09-04
MBTO,2025-09-05,126.0,279000.0,2025-09-04
MCAS,2025-09-05,835.0,68400.0,2025-09-04
MCOL,2025-09-05,3780.0,65900.0,2025-09-04
MCOR,2025-09-05,76.0,3549800.0,2025-09-04
MDIA,2025-09-05,37.0,4533500.0,2025-09-04
MDIY,2025-09-05,1060.0,2975100.0,2025-09-04
MDKA,2025-09-05,2620.0,191356100.0,2025-09-04
MDKI,2025-09-05,158.0,479200.0,2025-09-04
MDLA,2025-09-05,,,2025-09-05
MDLN,2025-09-05,69.0,100084600.0,2025-09-04
MDRN,2025-09-05,33.0,46347000.0,2025-09-04
MEDC,2025-09-05,1250.0,36443900.0,2025-09-04
MEDS,2025-09-05,67.0,467735900.0,2025-09-04
MEGA,2025-09-05,3220.0,17300.0,2025-09-04
MEJA,2025-09-05,90.0,157366800.0,2025-09-04
MENN,2025-09-05,53.0,122739700.0,2025-09-04
MERI,2025-09-05,,,2025-09-05
MERK,2025-09-05,2800.0,7400.0,2025-09-04
META,2025-09-05,,,2025-09-05
MFIN,2025-09-05,1160.0,520600.0,2025-09-04
MFMI,2025-09-05,,,2025-09-05
MGLV,2025-09-05,,,2025-09-05
MGNA,2025-09-05,42.0,1541400.0,2025-09-04
MGRO,2025-09-05,715.0,4522000.0,2025-09-04
MHKI,2025-09-05,145.0,29201100.0,2025-09-04
MICE,2025-09-05,498.0,20300.0,2025-09-04
MIDI,2025-09-05,440.0,4853600.0,2025-09-04
MIKA,2025-09-05,2400.0,8028800.0,2025-09-04
MINA,2025-09-05,177.0,226022700.0,2025-09-04
MINE,2025-09-05,,,2025-09-05
MIRA,2025-09-05,67.0,28290000.0,2025-09-04
MITI,2025-09-05,264.0,8509400.0,2025-09-04
MKAP,2025-09-05,360.0,198200.0,2025-09-04
MKNT,2025-09-05,,,2025-09-05
MKPI,2025-09-05,24750.0,8300.0,2025-09-04
MKTR,2025-09-05,136.0,22466600.0,2025-09-04
MLBI,2025-09-05,5875.0,116800.0,2025-09-04
MLIA,2025-09-05,360.0,3721600.0,2025-09-04
MLPL,2025-09-05,136.0,71561100.0,2025-09-04
MLPT,2025-09-05,77925.0,36100.0,2025-09-04
MMIX,2025-09-05,300.0,5667800.0,2025-09-04
MMLP,2025-09-05,540.0,3172200.0,2025-09-04
MNCN,2025-09-05,266.0,39913300.0,2025-09-04
MOLI,2025-09-05,208.0,2376100.0,2025-09-04
MORA,2025-09-05,440.0,77700.0,2025-09-04
MPIX,2025-09-05,72.0,72350400.0,2025-09-04
MPMX,2025-09-05,960.0,1789100.0,2025-09-04
MPOW,2025-09-05,117.0,672200.0,2025-09-04
MPPA,2025-09-05,69.0,48391200.0,2025-09-04
MPRO,2025-09-05,4500.0,44300.0,2025-09-04
MPXL,2025-09-05,126.0,5390500.0,2025-09-04
MRAT,2025-09-05,234.0,230400.0,2025-09-04
MREI,2025-09-05,930.0,184700.0,2025-09-04
MSIE,2025-09-05,46.0,5789800.0,2025-09-04
MSIN,2025-09-05,665.0,161612300.0,2025-09-04
MSJA,2025-09-05,304.0,2322600.0,2025-09-04
MSKY,2025-09-05,108.0,618293300.0,2025-09-04
MSTI,2025-09-05,1550.0,1130400.0,2025-09-04
MTDL,2025-09-05,600.0,7996100.0,2025-09-04
MTEL,2025-09-05,590.0,2384400.0,2025-09-04
MTFN,2025-09-05,14.0,147325700.0,2025-09-04
MTLA,2025-09-05,440.0,33400.0,2025-09-04
MTMH,2025-09-05,1290.0,2232800.0,2025-09-04
MTPS,2025-09-05,45.0,521500.0,2025-09-04
MTRA,2025-09-05,,,2025-09-05
MTSM,2025-09-05,,,2025-09-05
MTWI,2025-09-05,382.0,140500.0,2025-09-04
MUTU,2025-09-05,97.0,8361100.0,2025-09-04
MYOH,2025-09-05,1680.0,52300.0,2025-09-04
MYOR,2025-09-05,2130.0,2719700.0,2025-09-04
MYTX,2025-09-05,,,2025-09-05
NAIK,2025-09-05,146.0,13803500.0,2025-09-04
NANO,2025-09-05,74.0,17472000.0,2025-09-04
NASA,2025-09-05,36.0,2443900.0,2025-09-04
NASI,2025-09-05,88.0,3807100.0,2025-09-04
NATO,2025-09-05,134.0,203400.0,2025-09-04
NAYZ,2025-09-05,109.0,23230600.0,2025-09-04
NCKL,2025-09-05,1030.0,46148600.0,2025-09-04
NELY,2025-09-05,352.0,465200.0,2025-09-04
NEST,2025-09-05,262.0,11189400.0,2025-09-04
NETV,2025-09-05,134.0,1689000.0,2025-09-04
NFCX,2025-09-05,1750.0,37300.0,2025-09-04
NICE,2025-09-05,432.0,4309700.0,2025-09-04
NICK,2025-09-05,1375.0,12400.0,2025-09-04
NICL,2025-09-05,1065.0,17478500.0,2025-09-04
NIKL,2025-09-05,230.0,868200.0,2025-09-04
NINE,2025-09-05,,,2025-09-05
NIRO,2025-09-05,120.0,108900.0,2025-09-04
NISP,2025-09-05,1385.0,2099700.0,2025-09-04
NOBU,2025-09-05,555.0,5576800.0,2025-09-04
NPGF,2025-09-05,64.0,640884400.0,2025-09-04
NRCA,2025-09-05,855.0,11006600.0,2025-09-04
NSSS,2025-09-05,436.0,19679600.0,2025-09-04
NTBK,2025-09-05,63.0,928281700.0,2025-09-04
NUSA,2025-09-05,,,2025-09-05
NZIA,2025-09-05,96.0,363600.0,2025-09-04
OASA,2025-09-05,246.0,435716300.0,2025-09-04
OBAT,2025-09-05,,,2025-09-05
OBMD,2025-09-05,280.0,3088800.0,2025-09-04
OCAP,2025-09-05,,,2025-09-05
OILS,2025-09-05,138.0,1537400.0,2025-09-04
OKAS,2025-09-05,272.0,3712300.0,2025-09-04
OLIV,2025-09-05,72.0,1273100.0,2025-09-04
OMED,2025-09-05,187.0,255300.0,2025-09-04
OMRE,2025-09-05,426.0,100.0,2025-09-01
OPMS,2025-09-05,82.0,6141400.0,2025-09-04
PACK,2025-09-05,2730.0,11574600.0,2025-09-04
PADA,2025-09-05,45.0,20458900.0,2025-09-04
PADI,2025-09-05,78.0,15738100.0,2025-09-04
PALM,2025-09-05,422.0,5332000.0,2025-09-04
PAMG,2025-09-05,76.0,28206900.0,2025-09-04
PANI,2025-09-05,15200.0,7612800.0,2025-09-04
PANR,2025-09-05,755.0,7736700.0,2025-09-04
PANS,2025-09-05,1390.0,348600.0,2025-09-04
PART,2025-09-05,124.0,145264700.0,2025-09-04
PBID,2025-09-05,490.0,409400.0,2025-09-04
PBRX,2025-09-05,39.0,106593900.0,2025-09-04
PBSA,2025-09-05,875.0,4879500.0,2025-09-04
PCAR,2025-09-05,42.0,5483400.0,2025-09-04
PDES,2025-09-05,478.0,300.0,2025-09-04
PDPP,2025-09-05,500.0,575900.0,2025-09-04
PEGE,2025-09-05,115.0,4197800.0,2025-09-04
PEHA,2025-09-05,330.0,12300.0,2025-09-04
PEVE,2025-09-05,446.0,142600.0,2025-09-04
PGAS,2025-09-05,1770.0,48841200.0,2025-09-04
PGEO,2025-09-05,1445.0,29239600.0,2025-09-04
PGJO,2025-09-05,,,2025-09-05
PGLI,2025-09-05,181.0,67200.0,2025-09-04
PGUN,2025-09-05,3850.0,1230600.0,2025-09-01
PICO,2025-09-05,142.0,1010800.0,2025-09-04
PIPA,2025-09-05,156.0,143728000.0,2025-09-04
PJAA,2025-09-05,498.0,128800.0,2025-09-04
PKPK,2025-09-05,590.0,334600.0,2025-09-04
PLAN,2025-09-05,66.0,12692400.0,2025-09-04
PLAS,2025-09-05,,,2025-09-05
PLIN,2025-09-05,,,2025-09-05
PMJS,2025-09-05,118.0,241200.0,2025-09-04
PMMP,2025-09-05,,,2025-09-05
PMUI,2025-09-05,,,2025-09-05
PNBN,2025-09-05,1155.0,6807100.0,2025-09-04
PNBS,2025-09-05,57.0,50534000.0,2025-09-04
PNGO,2025-09-05,2500.0,5300.0,2025-09-04
PNIN,2025-09-05,845.0,445800.0,2025-09-04
PNLF,2025-09-05,256.0,79211500.0,2025-09-04
PNSE,2025-09-05,835.0,110700.0,2025-09-04
POLA,2025-09-05,24.0,69236400.0,2025-09-04
POLI,2025-09-05,765.0,1100.0,2025-09-04
POLL,2025-09-05,,,2025-09-05
POLU,2025-09-05,8625.0,292100.0,2025-09-04
POLY,2025-09-05,26.0,919100.0,2025-09-04
POOL,2025-09-05,,,2025-09-05
PORT,2025-09-05,915.0,106000.0,2025-09-04
POSA,2025-09-05,,,2025-09-05
POWR,2025-09-05,705.0,2780200.0,2025-09-04
PPGL,2025-09-05,104.0,317800.0,2025-09-04
PPRE,2025-09-05,107.0,171977200.0,2025-09-04
PPRI,2025-09-05,286.0,49440200.0,2025-09-04
PPRO,2025-09-05,,,2025-09-05
PRAY,2025-09-05,695.0,13400.0,2025-09-04
PRDA,2025-09-05,2690.0,34100.0,2025-09-04
PRIM,2025-09-05,93.0,40820600.0,2025-09-04
PSAB,2025-09-05,565.0,304807600.0,2025-09-04
PSAT,2025-09-05,,,2025-09-05
PSDN,2025-09-05,105.0,8285300.0,2025-09-04
PSGO,2025-09-05,206.0,740500.0,2025-09-04
PSKT,2025-09-05,117.0,21192800.0,2025-09-04
PSSI,2025-09-05,354.0,216900.0,2025-09-04
PTBA,2025-09-05,2410.0,12386800.0,2025-09-04
PTDU,2025-09-05,,,2025-09-05
PTIS,2025-09-05,416.0,58100.0,2025-09-04
PTMP,2025-09-05,96.0,11532800.0,2025-09-04
PTMR,2025-09-05,,,2025-09-05
PTPP,2025-09-05,404.0,28717000.0,2025-09-04
PTPS,2025-09-05,173.0,11942600.0,2025-09-04
PTPW,2025-09-05,950.0,34200.0,2025-09-04
PTRO,2025-09-05,3690.0,22053000.0,2025-09-04
PTSN,2025-09-05,472.0,8093600.0,2025-09-04
PTSP,2025-09-05,945.0,1834800.0,2025-09-04
PUDP,2025-09-05,224.0,29400.0,2025-09-04
PURA,2025-09-05,30.0,11543100.0,2025-09-04
PURE,2025-09-05,,,2025-09-05
PURI,2025-09-05,185.0,293100.0,2025-09-04
PWON,2025-09-05,372.0,48800800.0,2025-09-04
PYFA,2025-09-05,570.0,130840300.0,2025-09-04
PZZA,2025-09-05,214.0,5983300.0,2025-09-04
RAAM,2025-09-05,284.0,16279300.0,2025-09-04
RAFI,2025-09-05,,,2025-09-05
RAJA,2025-09-05,2710.0,84956500.0,2025-09-04
RALS,2025-09-05,394.0,2023100.0,2025-09-04
RANC,2025-09-05,418.0,2200.0,2025-09-04
RATU,2025-09-05,,,2025-09-05
RBMS,2025-09-05,34.0,1264300.0,2025-09-04
RCCC,2025-09-05,181.0,595500.0,2025-09-04
RDTX,2025-09-05,12075.0,800.0,2025-09-04
REAL,2025-09-05,50.0,45959600.0,2025-09-04
RELF,2025-09-05,56.0,11324400.0,2025-09-04
RELI,2025-09-05,650.0,31900.0,2025-09-04
RGAS,2025-09-05,112.0,50979900.0,2025-09-04
RICY,2025-09-05,63.0,4137100.0,2025-09-04
RIGS,2025-09-05,815.0,551500.0,2025-09-04
RIMO,2025-09-05,,,2025-09-05
RISE,2025-09-05,1000.0,641700.0,2025-09-04
RMKE,2025-09-05,940.0,3924700.0,2025-09-04
RMKO,2025-09-05,143.0,10332700.0,2025-09-04
ROCK,2025-09-05,625.0,100.0,2025-09-04
RODA,2025-09-05,46.0,277800.0,2025-09-04
RONY,2025-09-05,,,2025-09-05
ROTI,2025-09-05,800.0,214300.0,2025-09-04
RSCH,2025-09-05,370.0,7369900.0,2025-09-04
RSGK,2025-09-05,,,2025-09-05
RUIS,2025-09-05,230.0,3703400.0,2025-09-04
RUNS,2025-09-05,121.0,10948600.0,2025-09-04
SAFE,2025-09-05,186.0,215800.0,2025-09-04
SAGE,2025-09-05,42.0,7243200.0,2025-09-04
SAME,2025-09-05,334.0,2363000.0,2025-09-04
SAMF,2025-09-05,332.0,73000.0,2025-09-04
SAPX,2025-09-05,310.0,191700.0,2025-09-04
SATU,2025-09-05,246.0,4166400.0,2025-09-04
SBAT,2025-09-05,,,2025-09-05
SBMA,2025-09-05,138.0,4138300.0,2025-09-04
SCCO,2025-09-05,2290.0,38400.0,2025-09-04
SCMA,2025-09-05,322.0,151676400.0,2025-09-04
SCNP,2025-09-05,180.0,25100.0,2025-09-04
SCPI,2025-09-05,,,2025-09-05
SDMU,2025-09-05,55.0,18063300.0,2025-09-04
SDPC,2025-09-05,133.0,221000.0,2025-09-04
SDRA,2025-09-05,300.0,55300.0,2025-09-04
SEMA,2025-09-05,102.0,3449300.0,2025-09-04
SFAN,2025-09-05,1910.0,73300.0,2025-09-04
SGER,2025-09-05,336.0,124045400.0,2025-09-04
SGRO,2025-09-05,4350.0,717200.0,2025-09-04
SHID,2025-09-05,915.0,4700.0,2025-09-04
SHIP,2025-09-05,4500.0,42600.0,2025-09-04
SICO,2025-09-05,122.0,2167000.0,2025-09-04
SIDO,2025-09-05,530.0,11915800.0,2025-09-04
SILO,2025-09-05,2200.0,580400.0,2025-09-04
SIMA,2025-09-05,,,2025-09-05
SIMP,2025-09-05,660.0,26445400.0,2025-09-04
SINI,2025-09-05,3790.0,39400.0,2025-09-04
SIPD,2025-09-05,735.0,300.0,2025-09-04
SKBM,2025-09-05,360.0,4600.0,2025-09-04
SKLT,2025-09-05,193.0,154600.0,2025-09-04
SKRN,2025-09-05,402.0,1391200.0,2025-09-04
SKYB,2025-09-05,,,2025-09-05
SLIS,2025-09-05,90.0,470619800.0,2025-09-04
SMAR,2025-09-05,5850.0,188200.0,2025-09-04
SMBR,2025-09-05,292.0,39018700.0,2025-09-04
SMCB,2025-09-05,,,2025-09-05
SMDM,2025-09-05,830.0,45400.0,2025-09-04
SMDR,2025-09-05,336.0,13793700.0,2025-09-04
SMGA,2025-09-05,105.0,121256800.0,2025-09-04
SMGR,2025-09-05,2780.0,5462200.0,2025-09-04
SMIL,2025-09-05,520.0,168958100.0,2025-09-04
SMKL,2025-09-05,168.0,140600.0,2025-09-04
SMKM,2025-09-05,155.0,82622400.0,2025-09-01
SMLE,2025-09-05,150.0,598000.0,2025-09-04
SMMA,2025-09-05,16200.0,49800.0,2025-09-04
SMMT,2025-09-05,1210.0,1336500.0,2025-09-04
SMRA,2025-09-05,452.0,19427800.0,2025-09-04
SMRU,2025-09-05,,,2025-09-05
SMSM,2025-09-05,1945.0,518900.0,2025-09-04
SNLK,2025-09-05,476.0,9233200.0,2025-09-04
SOCI,2025-09-05,193.0,6678000.0,2025-09-04
SOFA,2025-09-05,53.0,16830100.0,2025-09-04
SOHO,2025-09-05,760.0,33400.0,2025-09-04
SOLA,2025-09-05,148.0,21319800.0,2025-09-04
SONA,2025-09-05,4650.0,450400.0,2025-09-04
SOSS,2025-09-05,1015.0,694700.0,2025-09-02
SOTS,2025-09-05,266.0,1500.0,2025-09-04
SOUL,2025-09-05,88.0,3348600.0,2025-09-04
SPMA,2025-09-05,292.0,97900.0,2025-09-04
SPRE,2025-09-05,79.0,11582400.0,2025-09-04
SPTO,2025-09-05,670.0,220500.0,2025-09-04
SQMI,2025-09-05,,,2025-09-05
SRAJ,2025-09-05,8225.0,588000.0,2025-09-04
SRIL,2025-09-05,,,2025-09-05
SRSN,2025-09-05,68.0,174986800.0,2025-09-04
SRTG,2025-09-05,2030.0,70362000.0,2025-09-04
SSIA,2025-09-05,2130.0,38685900.0,2025-09-04
SSMS,2025-09-05,1410.0,12438300.0,2025-09-04
SSTM,2025-09-05,292.0,10653200.0,2025-09-04
STAA,2025-09-05,1025.0,10907600.0,2025-09-04
STAR,2025-09-05,47.0,345400.0,2025-09-04
STRK,2025-09-05,210.0,95528100.0,2025-09-04
STTP,2025-09-05,10375.0,3000.0,2025-09-04
SUGI,2025-09-05,,,2025-09-05
SULI,2025-09-05,96.0,1098100.0,2025-09-04
SUNI,2025-09-05,785.0,429000.0,2025-09-04
SUPR,2025-09-05,,,2025-09-05
SURE,2025-09-05,3000.0,10500.0,2025-09-04
SURI,2025-09-05,117.0,647511100.0,2025-09-04
SWAT,2025-09-05,,,2025-09-05
SWID,2025-09-05,96.0,3985400.0,2025-09-04
TALF,2025-09-05,344.0,83400.0,2025-09-04
TAMA,2025-09-05,36.0,1046800.0,2025-09-04
TAMU,2025-09-05,28.0,27571200.0,2025-09-04
TAPG,2025-09-05,1415.0,16087800.0,2025-09-04
TARA,2025-09-05,33.0,2268400.0,2025-09-04
TAXI,2025-09-05,16.0,233881800.0,2025-09-04
TAYS,2025-09-05,76.0,41061400.0,2025-09-04
TBIG,2025-09-05,1850.0,865500.0,2025-09-04
TBLA,2025-09-05,750.0,1606800.0,2025-09-04
TBMS,2025-09-05,1030.0,57100.0,2025-09-04
TCID,2025-09-05,2470.0,7700.0,2025-09-04
TCPI,2025-09-05,5700.0,8930900.0,2025-09-04
TDPM,2025-09-05,,,2025-09-05
TEBE,2025-09-05,1680.0,11172500.0,2025-09-04
TECH,2025-09-05,,,2025-09-05
TELE,2025-09-05,,,2025-09-05
TFAS,2025-09-05,136.0,2359100.0,2025-09-04
TFCO,2025-09-05,,,2025-09-05
TGKA,2025-09-05,5775.0,300.0,2025-09-04
TGRA,2025-09-05,,,2025-09-05
TGUK,2025-09-05,,,2025-09-05
TIFA,2025-09-05,408.0,38600.0,2025-09-04
TINS,2025-09-05,1030.0,25495400.0,2025-09-04
TIRA,2025-09-05,1590.0,35800.0,2025-09-04
TIRT,2025-09-05,,,2025-09-05
TKIM,2025-09-05,7575.0,1396700.0,2025-09-04
TLDN,2025-09-05,720.0,4525200.0,2025-09-04
TLKM,2025-09-05,3150.0,37223800.0,2025-09-04
TMAS,2025-09-05,138.0,2843800.0,2025-09-04
TMPO,2025-09-05,228.0,20364000.0,2025-09-04
TNCA,2025-09-05,174.0,905400.0,2025-09-04
TOBA,2025-09-05,1230.0,51170700.0,2025-09-04
TOOL,2025-09-05,65.0,58533400.0,2025-09-04
TOPS,2025-09-05,,,2025-09-05
TOSK,2025-09-05,65.0,357439000.0,2025-09-04
TOTL,2025-09-05,770.0,2245300.0,2025-09-04
TOTO,2025-09-05,258.0,994100.0,2025-09-04
TOWR,2025-09-05,600.0,39315600.0,2025-09-04
TOYS,2025-09-05,,,2025-09-05
TPIA,2025-09-05,8125.0,3507500.0,2025-09-04
TPMA,2025-09-05,585.0,4036000.0,2025-09-04
TRAM,2025-09-05,,,2025-09-05
TRGU,2025-09-05,174.0,296800.0,2025-09-04
TRIL,2025-09-05,,,2025-09-05
TRIM,2025-09-05,376.0,1047900.0,2025-09-04
TRIN,2025-09-05,94.0,2617600.0,2025-09-04
TRIO,2025-09-05,,,2025-09-05
TRIS,2025-09-05,197.0,715700.0,2025-09-04
TRJA,2025-09-05,137.0,621500.0,2025-09-04
TRON,2025-09-05,89.0,10541200.0,2025-09-04
TRST,2025-09-05,496.0,33800.0,2025-09-04
TRUE,2025-09-05,60.0,13735400.0,2025-09-04
TRUK,2025-09-05,196.0,2048700.0,2025-09-04
TRUS,2025-09-05,472.0,11700.0,2025-09-04
TSPC,2025-09-05,2270.0,330000.0,2025-09-04
TUGU,2025-09-05,960.0,2414600.0,2025-09-04
TYRE,2025-09-05,129.0,510000.0,2025-09-04
UANG,2025-09-05,775.0,939500.0,2025-09-04
UCID,2025-09-05,460.0,5625600.0,2025-09-04
UDNG,2025-09-05,,,2025-09-05
UFOE,2025-09-05,175.0,78100.0,2025-09-04
ULTJ,2025-09-05,1275.0,1594100.0,2025-09-04
UNIC,2025-09-05,7975.0,1700.0,2025-09-04
UNIQ,2025-09-05,362.0,38750700.0,2025-09-04
UNIT,2025-09-05,,,2025-09-05
UNSP,2025-09-05,168.0,633900.0,2025-09-04
UNTD,2025-09-05,83.0,9968500.0,2025-09-04
UNTR,2025-09-05,25350.0,3176800.0,2025-09-04
UNVR,2025-09-05,1705.0,27702300.0,2025-09-04
URBN,2025-09-05,139.0,437600.0,2025-09-04
UVCR,2025-09-05,75.0,32084300.0,2025-09-04
VAST,2025-09-05,175.0,2729700.0,2025-09-04
VERN,2025-09-05,132.0,14610600.0,2025-09-04
VICI,2025-09-05,615.0,622800.0,2025-09-04
VICO,2025-09-05,184.0,2025700.0,2025-09-04
VINS,2025-09-05,126.0,315700.0,2025-09-04
VISI,2025-09-05,142.0,8722700.0,2025-09-04
VIVA,2025-09-05,34.0,36451600.0,2025-09-04
VKTR,2025-09-05,111.0,48452900.0,2025-09-04
VOKS,2025-09-05,254.0,395700.0,2025-09-04
VRNA,2025-09-05,91.0,1436100.0,2025-09-04
VTNY,2025-09-05,104.0,15766200.0,2025-09-04
WAPO,2025-09-05,206.0,114219600.0,2025-09-04
WEGE,2025-09-05,79.0,846527300.0,2025-09-04
WEHA,2025-09-05,117.0,1164800.0,2025-09-04
WGSH,2025-09-05,168.0,1056800.0,2025-09-04
WICO,2025-09-05,,,2025-09-05
WIDI,2025-09-05,55.0,10517100.0,2025-09-04
WIFI,2025-09-05,2580.0,76893700.0,2025-09-04
WIIM,2025-09-05,795.0,691300.0,2025-09-04
WIKA,2025-09-05,,,2025-09-05
WINE,2025-09-05,214.0,433200.0,2025-09-04
WINR,2025-09-05,30.0,26231700.0,2025-09-04
WINS,2025-09-05,402.0,2104100.0,2025-09-04
WIRG,2025-09-05,177.0,797373300.0,2025-09-04
WMPP,2025-09-05,,,2025-09-05
WMUU,2025-09-05,17.0,120689400.0,2025-09-04
WOMF,2025-09-05,342.0,44400.0,2025-09-04
WOOD,2025-09-05,370.0,4986400.0,2025-09-04
WOWS,2025-09-05,123.0,258293100.0,2025-09-04
WSBP,2025-09-05,33.0,380384100.0,2025-09-04
WSKT,2025-09-05,,,2025-09-05
WTON,2025-09-05,105.0,71096300.0,2025-09-04
YELO,2025-09-05,61.0,5025400.0,2025-09-04
YOII,2025-09-05,,,2025-09-05
YPAS,2025-09-05,354.0,100.0,2025-09-02
YULE,2025-09-05,2700.0,500.0,2025-09-04
YUPI,2025-09-05,,,2025-09-05
ZATA,2025-09-05,26.0,10837200.0,2025-09-04
ZBRA,2025-09-05,,,2025-09-05
ZINC,2025-09-05,22.0,30593000.0,2025-09-04
ZONE,2025-09-05,740.0,127500.0,2025-09-04
ZYRX,2025-09-05,155.0,3224100.0,2025-09-04
